url,triplets
https://www.globenewswire.com/news-release/2025/03/12/3041298/0/en/Clene-Demonstrates-Strengthened-ALS-Survival-Benefit-with-CNM-Au8-Treatment.html,"(Clene Inc., predicate, CNM-Au8)","(Rob Etherington, predicate, CEO)","(Rob Etherington, predicate, Clene)","(Merit Cudkowicz, predicate, Principal Investigator)","(Merit Cudkowicz, predicate, Sean M. Healey & AMG Center for ALS)","(Merit Cudkowicz, predicate, Mass General Brigham Neuroscience Institute)","(Clene Inc., predicate, Salt Lake City)","(Clene Inc., predicate, Maryland)"
https://www.globenewswire.com/news-release/2025/03/11/3041026/0/en/Oculis-Reports-Q4-and-Full-Year-2024-Financial-Results-and-Provides-Company-Update.html,"(Riad Sherif, delivered, readouts)","(Riad Sherif, is on track to complete, DIAMOND trials)","(Oculis, completed, equity financing)","(Oculis, will fund operations into, early 2028)","(Oculis, had, cash position)","(Oculis, will provide updates, RD Day)","(Oculis, will host RD Day, New York City)"
https://www.globenewswire.com/news-release/2025/03/11/3040993/0/en/Verrica-Pharmaceuticals-Reports-Fourth-Quarter-and-Full-Year-2024-Financial-Results.html,"(Dr. Jayson Rieger, President, Verrica Pharmaceuticals Inc.)","(John Kirby, Chief Financial Officer, Verrica Pharmaceuticals Inc.)","(Torii Pharmaceutical Co. Ltd., Partner, Verrica Pharmaceuticals Inc.)"
https://www.globenewswire.com/news-release/2025/03/12/3041437/0/en/Shuttle-Pharma-Announces-Pricing-of-5-75-Million-Underwritten-Offering.html,"(Shuttle Pharma, intends to use, Phase II clinical trial)","(Shuttle Pharma, intends to use, marketing and advertising services)"
https://www.globenewswire.com/news-release/2025/03/12/3041248/0/en/Prime-Biome-Reviews-And-Complaints-A-Detailed-Study-Released-That-s-Needs-to-Be-Adopted-for-Which-Type-of-Peoples.html,"(Dr. Jessica Burgy, developed, Prime Biome)","(Prime Biome, supports, gut health)","(Prime Biome, supports, skin health)","(Prime Biome, manufactured in, United States)","(FDA, inspected, Prime Biome)","(Prime Biome, addresses, digestive issues)","(Prime Biome, addresses, skin issues)","(Prime Biome, contains, Bacillus Coagulans)","(Prime Biome, contains, Babchi)","(Prime Biome, contains, Fenugreek)","(Prime Biome, contains, Inulin)","(Prime Biome, contains, Lemon Balm)","(Prime Biome, contains, Organic Ceylon Ginger)","(Prime Biome, contains, Organic Lions Mane)","(Prime Biome, contains, Slippery Elm Bark)","(Prime Biome, improves, collagen production)","(Prime Biome, reduces, wrinkles)","(Prime Biome, promotes, nutrient absorption)","(Dahish, Los Angeles, uses Prime Biome)","(Shibby, Florida, uses Prime Biome)","(Nora, New York, uses Prime Biome)"
https://www.globenewswire.com/news-release/2025/03/12/3041328/0/en/FOXO-TECHNOLOGIES-INC-PROVIDES-UPDATE-ON-ITS-BEHAVIORAL-HEALTH-SUBSIDIARY-MYRTLE-RECOVERY-CENTERS-INC.html,"(Robert Merritt, said, part of FOXO)","(Robert Merritt, said, part of this important conference)","(ETAADAC Conference, takes place, Knoxville TN)"
https://www.globenewswire.com/news-release/2025/03/11/3040686/0/en/Better-Choice-Company-Signs-Binding-Letter-of-Intent-to-Acquire-Choice-Specialty-Pharmacy-Expanding-U-S-Presence.html,"(Better Choice Company Inc., signed, Letter of Intent)","(Better Choice Company Inc., acquire, Choice Specialty Pharmacy Group)","(Michael Young, said, This marks an exciting step in our expansion strategy)","(Michael Young, Chairman, Better Choice)","(Choice Specialty Pharmacy Group, founded, 2015)","(Valter Pinto, Managing Director, KCSA Strategic Communications)"
https://www.globenewswire.com/news-release/2025/03/12/3041230/18362/en/Amarin-Reports-Fourth-Quarter-Financial-Results-Business-Update-and-Announces-Important-Corporate-Action.html,"(Aaron Berg, led, Amarin)","(Amarin, secured, Italy)","(Amarin, secured, Austria)","(EddingPharm, launched, China)","(CSL Seqirus, launched, Australia)"
https://www.globenewswire.com/news-release/2025/03/12/3041293/0/en/Acumen-Pharmaceuticals-to-Present-During-International-Conference-on-Alzheimer-s-and-Parkinson-s-Diseases-2025-and-American-Academy-of-Neurology-Annual-Meeting.html,"(Acumen Pharmaceuticals, will present, International Conference on Alzheimers and Parkinsons Diseases)","(Acumen Pharmaceuticals, will present, American Academy of Neurology Annual Meeting)","(Eric Siemers, will present, ALTITUDE-AD)","(Erika Cline, will present, Protocol for the Preparation of Stable Monomeric Amyloid Beta)","(Elizabeth Johnson, will present, Utility of Human iPSC-Derived Neuronal Model)","(Todd Feaster, will present, ALTITUDE-AD)","(Elizabeth Johnson, will present, INTERCEPT-AD)","(Acumen Pharmaceuticals, is headquartered, Newton)","(Acumen Pharmaceuticals, is developing, sabirnetug)"
https://www.globenewswire.com/news-release/2025/03/11/3040985/0/en/Lyell-Immunopharma-Reports-Business-Highlights-and-Financial-Results-for-the-Fourth-Quarter-and-Full-Year-2024.html,"(Lyell Immunopharma, acquired, ImmPACT Bio)","(Lynn Seely, leads, Lyell)","(Lyell, presented, American Society of Hematology)","(Lyell, expects, FDA)","(Lyell, based, South San Francisco)"
https://www.globenewswire.com/news-release/2025/03/12/3041288/0/en/Annual-General-Meeting-2025-GN-Store-Nord-A-S.html,"(GN Store Nord AS, held, Annual General Meeting)","(general meeting, approved, Annual Report 2024)","(general meeting, granted, discharge)","(general meeting, approved, remuneration)","(general meeting, re-elected, Jukka Pekka Pertola)","(general meeting, re-elected, Klaus Holse)","(general meeting, re-elected, Hélène Barnekow)","(general meeting, re-elected, Jørgen Bundgaard Hansen)","(general meeting, re-elected, Kim Vejlby Hansen)","(general meeting, elected, Charlotte Johs)","(general meeting, elected, Lise Skaarup Mortensen)","(general meeting, re-elected, PricewaterhouseCoopers)","(general meeting, approved, Board of Directors proposal)","(Jukka Pekka Pertola, elected, Chair)","(Klaus Holse, elected, Deputy Chair)","(Jukka Pekka Pertola, elected, Chair)","(Hélène Barnekow, elected, Chair)","(Lise Skaarup Mortensen, elected, Chair)"
https://www.globenewswire.com/news-release/2025/03/11/3040906/0/en/OSE-Immunotherapeutics-and-GERCOR-Announce-Positive-Topline-Phase-2-Result-for-Clinical-Trial-TEDOPaM-Evaluating-OSE2101-Tedopi-in-Advanced-Pancreatic-Cancer.html,"(OSE Immunotherapeutics, announced, GERCOR)","(GERCOR, announced, OSE Immunotherapeutics)","(Cindy Neuzillet, is, Curie cancer research Institute)","(Nicolas Poirier, is, OSE Immunotherapeutics)","(Fiona Olivier, is, OSE Immunotherapeutics)","(Sylvie Détry, is, OSE Immunotherapeutics)","(Florence Portejoie, is, FP2COM)","(Kate Barrette, is, Rooney Partners LLC)"
https://www.globenewswire.com/news-release/2025/03/12/3041523/0/en/Passing-of-Genmab-A-S-Annual-General-Meeting.html,"(Deirdre P. Connelly, gave, report)","(Dr. Jan van de Winkel, presented, plans)","(Mr. Anthony Pagano, presented, Annual Report)","(Ms. Deirdre P. Connelly, re-elected, Board of Directors)","(Ms. Pernille Erenbjerg, re-elected, Board of Directors)","(Mr. Rolf Hoffmann, re-elected, Board of Directors)","(Ms. Elizabeth O'Farrell, re-elected, Board of Directors)","(Dr. Paolo Paoletti, re-elected, Board of Directors)","(Dr. Anders Gersel Pedersen, re-elected, Board of Directors)","(Deloitte, re-elected, auditor)"
https://www.globenewswire.com/news-release/2025/03/12/3041279/0/en/OBI-Pharma-Receives-Most-Promising-ADC-Clinical-Candidate-in-Taiwan-Award.html,"(Dr. Heidi Wang, Accepts, Award)","(Dr. Heidi Wang, Gives, Presentation)","(OBI Pharma, Receives, Award)"
https://www.globenewswire.com/news-release/2025/03/12/3041117/0/en/Ipsen-appoints-Olivia-Brown-as-Executive-Vice-President-Global-Head-of-Neurotoxins.html,"(Ipsen, appoints, Olivia Brown)","(Olivia Brown, will serve on, Ipsens Executive Leadership Team)","(Olivia Brown, will report to, David Loew)","(David Loew, said, Olivia Brown)","(Olivia Brown, was at, Novartis)","(Olivia Brown, held positions at, Merz Aesthetics)","(Olivia Brown, held positions at, Galderma)","(Olivia Brown, said, Ipsen)"
https://www.globenewswire.com/news-release/2025/03/12/3041264/0/en/Sagimet-Biosciences-Reports-Full-Year-2024-Financial-Results-and-Provides-Corporate-Updates.html,"(FDA, granted, Breakthrough Therapy designation)","(FDA, supported, denifanstat)","(Ascletis, announced, topline results)","(Sagimet, appointed, Thierry Chauche)","(Sagimet, completed, follow-on offering)"
https://www.globenewswire.com/news-release/2025/03/11/3040930/0/en/Nymox-Announces-Dismissal-of-Delaware-Action-Against-Ascella.html,"(Nymox, dismissed, Delaware matter)","(Nymox, dismissed, matter against Ascella)","(Paul Averback, said, We assure our shareholders that further steps are contemplated)","(Nymox, submitted applications, approval to market NYMOZARFEX TM)","(Nymox, has reported, 10-year follow-up new data)","(Nymox, tested, NYMOZARFEX TM in clinical trials)"
https://www.globenewswire.com/news-release/2025/03/11/3040988/0/en/Sanara-MedTech-to-Report-Fourth-Quarter-and-Full-Year-2024-Financial-Results-on-March-25-2025.html,"(Sanara MedTech Inc., hosts, conference call)","(Sanara MedTech Inc., markets, CellerateRX)","(Sanara MedTech Inc., distributes, FORTIFY TRG)","(Sanara MedTech Inc., distributes, FORTIFY FLOWABLE)","(Sanara MedTech Inc., sells, BIAKŌS)","(Jack Powell, undertakes, Investor Relations)","(Mike Piccinino, undertakes, Investor Relations)"
https://www.globenewswire.com/news-release/2025/03/12/3041141/0/en/Angelini-Ventures-leads-10-million-Series-A-financing-in-Vantis-a-Digital-Care-Innovation-company.html,"(Angelini Ventures, leads, Vantis)","(Nils Bottler, said, Vantis)","(Till Jansen, emphasizes, Vantis)","(Angelini Ventures, includes, Vantis Health)","(Angelini Ventures, includes, Avation)","(Angelini Ventures, includes, Cadence Neuroscience)","(Angelini Ventures, includes, Nobi)","(Angelini Ventures, includes, Noctrix)","(Angelini Ventures, includes, Serenis)","(Angelini Ventures, invested, Neumirna)","(Angelini Ventures, invested, Cour Pharmaceuticals)","(Angelini Ventures, invested, Nouscom)","(Angelini Ventures, invested, Pretzel Therapeutics)","(Angelini Ventures, invested, Freya Biosciences)","(Francesco Angelini, founded, Angelini Industries)","(Paolo Di Giorgio, CE, Angelini Ventures)"
https://www.globenewswire.com/news-release/2025/03/12/3041239/0/en/Tilray-Grows-Its-Non-Alcoholic-Craft-Beer-Line-Runner-s-High-Brewing-Across-the-East-Coast-and-Mid-West-Regions.html,"(Prinz Pinakatt, stated, Tilray Beverages)","(Runners High, is collaborating, Union Fit Hub)","(Runners High, will maintain its involvement, Atlanta Track Club)"
https://www.globenewswire.com/news-release/2025/03/11/3041067/0/en/Teknova-and-Pluristyx-Announce-Collaboration-to-Streamline-the-Manufacture-of-Next-Generation-Cell-Therapies.html,"(Teknova, announced, Pluristyx)","(Teknova, collaborating, Pluristyx)","(Pluristyx, launched, PluriFreeze)","(Teknova, becomes, distributor)","(Teknova, becomes, manufacturer)","(Stephen Gunstream, said, Pluristyx)","(Benjamin Fryer, added, Teknova)"
https://www.globenewswire.com/news-release/2025/03/12/3041368/0/en/Journey-Medical-Corporation-to-Participate-in-the-37th-Annual-ROTH-Conference.html,"(Journey Medical Corporation, will participate in, 37th Annual ROTH Conference)","(Claude Maraoui, will participate in, fireside chat)","(Claude Maraoui, is, President and Chief Executive Officer)"
https://www.globenewswire.com/news-release/2025/03/12/3041106/0/en/Tecan-reports-2024-financial-results-enhancing-operational-resilience-amid-challenging-conditions.html,"(Tecan Group AG, announced, 2024 financial results)","(Tecan Group AG, initiated, 2025 financial outlook)","(Dr. Achim von Leoprechting, commented, challenging market environment)","(Tecan, implemented, cost reduction program)","(Tecan, optimized, global operations)","(Tecan, launched, Resolvex i300 module)","(Tecan, launched, Spark Cyto 3D)","(Tecan, launched, Veya)","(Tecan, expanded, Introspect analytics platform)","(Tecan, collaborated with, Illumina)","(Tecan, assisted, THINK Surgical)","(Tecan, manufacturing, Avive Connect AED)","(Tecan, aims to double, project signings)","(Tecan, published, 2024 Sustainability Report)","(Tecan, proposed, stable dividend)","(Tecan, anticipates, market conditions)","(Tecan, forecasts, adjusted EBITDA margin)","(Tecan, reiterated, mid-term outlook)","(Tecan, published, 2024 Annual Report)","(Tecan, published, 2024 Sustainability Report)","(Tecan, will hold, analyst and media conference)","(Tecan, generated sales, CHF 934 million)"
https://www.globenewswire.com/news-release/2025/03/11/3040664/0/en/AMPS-Launches-ClaimInsight-A-Next-Generation-Payment-Integrity-Suite-Built-for-Accuracy-Speed-and-Value.html,"(Jonathan Jeffress, said, AMPS)","(AMPS, launched, ClaimInsight)","(AMPS, is introducing, IPU)","(AMPS, is introducing, HDR)","(AMPS, leads, healthcare cost containment)","(AMPS, delivers, ClaimInsight)","(Lauren Burke, Contact, AMPS)"
https://www.globenewswire.com/news-release/2025/03/11/3040743/0/en/Baylor-Genetics-to-Showcase-Genetic-Testing-Innovations-for-Rare-Disease-at-ACMG-2025-Annual-Clinical-Genetics-Meeting.html,"(Baylor Genetics, exhibits, ACMG)","(Christine Eng, leads, Baylor Genetics)","(Xueyang Pan, presents, Detecting Mitochondrial Electron Transport Chain Enzyme Defects)","(Mei Ling Chong, presents, Reflex RNA Sequencing)","(Yue Zhou, presents, Clinical Significance of mRNA Nonstop Decay)","(Veronica Ortiz, presents, Identification of a Novel Variant)","(Baylor Genetics, located in, Houston)","(Baylor Genetics, serves, 16 countries)"
https://www.globenewswire.com/news-release/2025/03/12/3041384/0/en/Ascentage-Pharma-to-Report-Full-Year-2024-Financial-Results-and-Provide-Corporate-Update-on-March-27-2025.html,"(Ascentage Pharma, will release, 2024 financial results)","(Ascentage management team, will conduct, conference call)","(Ascentage management team, will conduct, audio webcast)","(Hogan Wan, is, Head of IR and Strategy)","(Stephanie Carrington, is, ICR Healthcare)","(Sean Leous, is, ICR Healthcare)"
https://www.globenewswire.com/news-release/2025/03/12/3041260/0/en/Mesoblast-CEO-to-Deliver-Featured-Presentation-at-ISCT-North-America-Virtual-Town-Hall.html,"(Silviu Itescu, will deliver, ISCT North America Regional Virtual Town Hall)","(Mesoblast Limited, announced, Silviu Itescu)","(Mesoblast Limited, is developing, RYONCIL)","(Mesoblast Limited, is developing, Rexlemestrocel-L)","(Mesoblast Limited, has established, commercial partnerships)","(Mesoblast Limited, has locations, Australia)","(Mesoblast Limited, has locations, United States)","(Mesoblast Limited, has locations, Singapore)","(Mesoblast Limited, is listed, Australian Securities Exchange)","(Mesoblast Limited, is listed, Nasdaq)"
https://www.globenewswire.com/news-release/2025/03/12/3041407/0/en/Cylinder-joins-Teladoc-Health-s-Connected-Care-Program-to-expand-access-to-virtual-digestive-care.html,"(Cylinder, joins, Teladoc Health)","(Cylinder, partners with, Teladoc Health)","(Bill Snyder, is CEO and founder of, Cylinder)","(Cylinder, helped, 100K members)","(Texas AM University, trusts, Cylinder)","(US Foods, trusts, Cylinder)"
https://www.globenewswire.com/news-release/2025/03/11/3040630/0/en/Capricor-Therapeutics-to-Present-Fourth-Quarter-and-Full-Year-2024-Financial-Results-and-Recent-Corporate-Update-on-March-19.html
https://www.globenewswire.com/news-release/2025/03/12/3041256/0/en/Theratechnologies-Presents-Encouraging-Virologic-Suppression-Data-from-the-PROMISE-US-Trial-of-Ibalizumab-at-CROI.html,"(Theratechnologies, presented, Data)","(Smitha Gudipati, stated, ibalizumab)","(Christian Marsolais, commented, ibalizumab)","(Theratechnologies, is, biopharmaceutical company)","(Theratechnologies, filed, Form 20-F)"
https://www.globenewswire.com/news-release/2025/03/11/3040758/0/ar/VIVUS-%D8%AA%D8%B7%D9%84%D9%82-%D8%B9%D9%82%D8%A7%D8%B1-QSYMIA-%D9%81%D9%8A-%D8%A7%D9%84%D8%A5%D9%85%D8%A7%D8%B1%D8%A7%D8%AA-%D8%A7%D9%84%D8%B9%D8%B1%D8%A8%D9%8A%D8%A9-%D8%A7%D9%84%D9%85%D8%AA%D8%AD%D8%AF%D8%A9.html,"(VIVUS LLC, launched, QSYMIA)","(VIVUS LLC, partners, PharmaAccess)","(Alphamed Drug Store, distributes, QSYMIA)","(John Amos, leads, VIVUS LLC)","(Santosh T. Varghese, heads, VIVUS)"
https://www.globenewswire.com/news-release/2025/03/12/3041234/0/en/InspireMD-Reports-Fourth-Quarter-and-Full-Year-2024-Financial-Results.html,"(InspireMD, engaged, FDA)","(InspireMD, established, Miami)","(Marvin Slosman, advanced, CGuard Prime)","(Marvin Slosman, initiated, CGUARDIANS II)","(Marvin Slosman, looks forward, U.S. approval)"
https://www.globenewswire.com/news-release/2025/03/12/3041439/0/en/Bioxytran-Develops-a-Groundbreaking-Treatment-to-Combat-Bird-Flu-in-Egg-Laying-Chickens-Potentially-Saving-Billions.html,"(David Platt, is, CEO)","(USDA, said, 369 million)","(Michael Sheikh, is, Investor Relations)"
https://www.globenewswire.com/news-release/2025/03/12/3041299/0/en/Corvus-Pharmaceuticals-Announces-Initiation-of-Phase-2-Clinical-Trial-of-Soquelitinib-for-Patients-with-Autoimmune-Lymphoproliferative-Syndrome-ALPS.html,"(Corvus Pharmaceuticals, initiated, Phase 2 clinical trial)","(V. Koneti Rao, leads, ALPS Clinic)","(Corvus Pharmaceuticals, partners with, NIHNIAID)","(Richard A. Miller, co-founded, Corvus)","(Richard A. Miller, leads, Corvus)","(Corvus Pharmaceuticals, develops, soquelitinib)","(Corvus Pharmaceuticals, conducts, Phase 3 trial)","(Corvus Pharmaceuticals, conducts, Phase 1 trial)"
https://www.globenewswire.com/news-release/2025/03/11/3040978/0/en/Dianthus-Therapeutics-Highlights-Recent-Business-Achievements-and-Reports-Q4-and-FY-2024-Financial-Results.html,"(Marino Garcia, leads, Dianthus Therapeutics)","(John C. King, joined, Dianthus Therapeutics)","(Sujay Kango, joined, Dianthus Therapeutics)"
https://www.globenewswire.com/news-release/2025/03/11/3040981/16626/en/Zevra-Reports-Full-Year-2024-and-Fourth-Quarter-Financial-Results.html,"(Zevra Therapeutics, entered, agreement)","(Zevra Therapeutics, initiated, MIPLYFFA)","(Zevra Therapeutics, organized, MIPLYFFA)","(Zevra Therapeutics, received, MIPLYFFA)","(Zevra Therapeutics, filed, MIPLYFFA)","(Zevra Therapeutics, enrolled, celiprolol)","(Zevra Therapeutics, consolidated, Adrian Quartel)","(Zevra Therapeutics, entered, agreement)","(Zevra Therapeutics, will host, conference call)","(Zevra Therapeutics, will participate, ROTH Conference)","(Neil F. McFarlane, said, 2024)"
https://www.globenewswire.com/news-release/2025/03/11/3040639/0/en/Woodstock-Sterile-Solutions-Invests-8-million-in-New-Automated-High-Speed-State-of-the-Art-Bottle-Packaging-Line.html,"(Woodstock Sterile Solutions, invests, 8 million)","(Nick Buschur, says, limited access is creating challenges for drug manufacturers)","(Woodstock Sterile Solutions, expects, new bottle packaging line to be installed in 2025)","(Woodstock Sterile Solutions, has been recognized, leading Blow-Fill-Seal BFS Contract Development and Manufacturing Organization CDMO)"
https://www.globenewswire.com/news-release/2025/03/12/3041359/0/en/Dogwood-Therapeutics-Inc-Announces-Conversion-of-Existing-19-5M-in-Debt-to-Equity-Strengthening-Balance-Sheet-Moving-Forward.html,"(Greg Duncan, said, CKLS)","(CKLS, initially provided, Dogwood)"
https://www.globenewswire.com/news-release/2025/03/12/3041115/0/en/Roche-enters-into-an-exclusive-collaboration-licensing-agreement-with-Zealand-Pharma-to-co-develop-and-co-commercialise-petrelintide-as-a-potential-foundational-therapy-for-people-.html,"(Roche, enters into, Zealand Pharma)","(Teresa Graham, is, CEO Roche Pharmaceuticals)","(Adam Steensberg, is, President and Chief Executive Officer of Zealand Pharma)","(Basel, is, headquarters)"
https://www.globenewswire.com/news-release/2025/03/12/3041422/37245/en/Alpha-Pro-Tech-Ltd-Announces-Fourth-Quarter-and-Full-Year-2024-Financial-Results.html,"(Lloyd Hoffman, leads, Alpha Pro Tech)","(Alpha Pro Tech, signed, regional channel partners)","(Alpha Pro Tech, signed, international channel partner)","(Alpha Pro Tech, named, preferred supplier)","(Alpha Pro Tech, created, Director of Product and Business Development)","(Alpha Pro Tech, added, Territory Managers)","(Alpha Pro Tech, repurchased, 21.2 million shares)","(Alpha Pro Tech, manufactures, protective apparel)","(Alpha Pro Tech, manufactures, building wrap)","(Alpha Pro Tech, manufactures, roof underlayment)","(Alpha Pro Tech, has, manufacturing facilities)"
https://www.globenewswire.com/news-release/2025/03/12/3041327/33240/en/Emergent-BioSolutions-and-Rocketvax-Announce-Investment-Agreement-and-Pursuit-of-a-Strategic-Relationship-for-Next-Generation-Product-Candidates.html,"(Emergent BioSolutions Inc., announced, Rocketvax Ltd)","(Emergent BioSolutions Inc., supports, Swiss Rockets Ltd)","(Emergent BioSolutions Inc., leads, U.S. manufacturing)","(Emergent BioSolutions Inc., leads, U.S. commercialization)","(Rocketvax Ltd, signed, NIH)","(Rocketvax Ltd, develops, next-generation vaccines)","(Joe Papa, commented, We are excited to partner with Rocketvax)","(Dr. Vladimir Cmiljanovic, added, This collaboration is a game-changer)"
https://www.globenewswire.com/news-release/2025/03/12/3041356/0/en/Iolyx-Therapeutics-to-Present-at-Multiple-Upcoming-Ophthalmology-Conferences.html,"(Erin Newman, presents, Sonoma Eye Meeting)","(Dr. Mark Hinds, presents, Association for Research in Vision and Ophthalmology)","(Dr. James Armitage, presents, British Contact Lens Association)","(Elizabeth Jeffords, presents, International Ocular and Inflammation Society)","(Heather Berger, contacts, Iolyx Therapeutics)","(Madelin Hawtin, contacts, LifeSci Communications)"
https://www.globenewswire.com/news-release/2025/03/12/3041187/0/en/Inaugural-Global-Longevity-Summit-Architects-New-Horizons-In-Human-Health-Potential.html,"(Informa Connect, convenes, Global Longevity Summit)","(James Ho, is, president of RND Health)","(Gordan Lauc, is, director of the National Centre of Scientific Excellence in Personalized Healthcare)","(Gordan Lauc, is, CEO and founder of Genos)","(Andrea B. Maier, is, co-director of the Center for Healthy Longevity)","(Erik Nelson, is, co-founder and clinical director of Human Sync)","(Jennifer Pearlman, is, CEO and founder of PearlMD Rejuvenation)"
https://www.globenewswire.com/news-release/2025/03/12/3041393/0/en/NeurAxis-to-Host-Fourth-Quarter-and-Full-Year-2024-Results-and-Business-Update-Call-on-Thursday-March-20-2025.html,"(FDA, cleared, IB-Stim)","(Ben Shamsian, is, Lytham Partners)"
https://www.globenewswire.com/news-release/2025/03/12/3041309/0/en/Solid-Biosciences-to-Present-at-the-2025-Muscular-Dystrophy-Association-MDA-Clinical-Scientific-Conference.html,"(Solid Biosciences Inc., will present, 2025 Muscular Dystrophy Association MDA Clinical Scientific Conference)","(Kevin Flanigan, will present, Initial Experience from the INSPIRE DUCHENNE Phase III Study of SGT-003 Microdystrophin Gene Therapy for Duchenne Muscular Dystrophy)"
https://www.globenewswire.com/news-release/2025/03/12/3041362/0/en/Palisade-Bio-Announces-Two-Abstracts-Selected-to-be-Showcased-as-Poster-of-Distinction-and-Poster-Presentation-at-Leading-GI-Forum-Digestive-Disease-Week-DDW-2025.html,"(Palisade Bio, announced, DDW 2025)","(Palisade Bio, presents, PALI-2108)","(Palisade Bio, develops, novel therapeutics)","(DDW, brings together, clinicians)","(DDW, brings together, researchers)","(DDW, brings together, pharmaceutical leaders)"
https://www.globenewswire.com/news-release/2025/03/12/3041325/0/en/Portage-Biotech-Resumes-Enrollment-in-Final-Cohort-of-Dose-Escalation-for-Port-6-in-ADPORT-601-Trial.html,"(Alexander Pickett, said, Portage Biotech)","(Portage Biotech, resumes, ADPORT-601)","(Portage Biotech, completes, PORT-6)","(Portage Biotech, evaluates, PORT-7)","(Portage Biotech, advances, PORT-6)","(Portage Biotech, makes final preparations for, PORT-7)","(Portage Biotech, is a, clinical-stage immuno-oncology company)"
https://www.globenewswire.com/news-release/2025/03/12/3041279/0/zh-hant/%E6%B5%A9%E9%BC%8E-%E6%A6%AE%E7%8D%B2-%E5%8F%B0%E7%81%A3%E6%9C%80%E5%85%B7%E6%BD%9B%E5%8A%9B-ADC-%E8%87%A8%E5%BA%8A%E5%80%99%E9%81%B8%E8%97%A5%E7%89%A9%E7%8D%8E.html,"(王慧君, 領獎, 2025亞洲ADC大會)","(王慧君, 發表, 專題演講)","(浩鼎, 榮獲, 台灣最具潛力 ADC 臨床候選藥物獎)","(浩鼎, 入圍, 世界ADC大獎全球前八強)","(ABEA, 主辦, 亞太生技卓越獎)","(王慧君, 主持, 專家座談會)","(王慧君, 發表, 演講)","(陳祈宏, 擔任, 資深主任)","(陳祈宏, 工作於, 台灣浩鼎)"
https://www.globenewswire.com/news-release/2025/03/11/3040990/0/en/MaxCyte-Reports-Fourth-Quarter-and-Full-Year-2024-Financial-Results-and-Provides-Full-Year-2025-Guidance.html,"(MaxCyte, signed, TG Therapeutics)","(Maher Masoud, executed, disciplined capital)","(Maher Masoud, executed, operational approach)","(Maher Masoud, underpins, long-term value creation)","(MaxCyte, continues, momentum)","(MaxCyte, implemented, disciplined capital)","(MaxCyte, implemented, operational approach)","(MaxCyte, signed, six SPLs)","(MaxCyte, supports, progression)","(MaxCyte, supports, SPL programs)"
https://www.globenewswire.com/news-release/2025/03/11/3040687/32142/en/HealthEquity-Community-Foundation-Announces-First-Grant-Recipients-and-Opens-Next-Funding-Cycle.html,"(HealthEquity Community Foundation, announced, 6 Stones Mission Network)","(HealthEquity Community Foundation, announced, Feed My Starving Children)","(HealthEquity Community Foundation, announced, Habitat for Humanity of Kansas City)","(HealthEquity Community Foundation, announced, Humane Society of Utah)","(HealthEquity Community Foundation, announced, Rhode Island Community Food Bank Association)","(HealthEquity Community Foundation, announced, Ronald McDonald House Charities Bay Area)","(HealthEquity Community Foundation, announced, Ronald McDonald House Charities of Eastern Wisconsin Inc)","(HealthEquity Community Foundation, announced, Soldiers Angels)","(HealthEquity Community Foundation, announced, St. Joseph the Worker)","(HealthEquity Community Foundation, announced, The Open Door Food Pantry)","(HealthEquity Community Foundation, announced, Unspoken Treasure Society)","(HealthEquity Community Foundation, announced, Utah Food Bank)","(HealthEquity Community Foundation, announced, Vitalant Foundation)","(HealthEquity Community Foundation, announced, Wasatch Community Gardens)","(Amy Palmer, said, This generous grant from HealthEquity Community will be instrumental in expanding our efforts and reaching even more Veterans in need)"
https://www.globenewswire.com/news-release/2025/03/12/3041251/11635/en/Harvard-Bioscience-Announces-Fourth-Quarter-and-Full-Year-2024-Financial-Results.html,"(Jim Green, CEO, Harvard Bioscience)","(prominent academic institutions, interest in, SoHo telemetry systems)","(prominent academic institutions, interest in, MeshMEA organoid systems)","(contract research organizations, interest in, SoHo telemetry systems)","(contract research organizations, interest in, MeshMEA organoid systems)","(biopharma customers, interest in, SoHo telemetry systems)","(biopharma customers, interest in, MeshMEA organoid systems)","(Harvard Bioscience, expects, 19 million to 21 million)","(Harvard Bioscience, expects, 56 to 58 range)"
https://www.globenewswire.com/news-release/2025/03/12/3041242/18362/en/Amarin-Announces-Plan-to-Initiate-a-Ratio-Change-Under-Its-American-Depository-Receipt-ADR-Program.html,"(Amarin Corporation plc, announced, Ratio Change)","(Amarin Corporation plc, has, offices in Bridgewater)","(Amarin Corporation plc, has, offices in Dublin)","(Amarin Corporation plc, has, offices in Zug)"
https://www.globenewswire.com/news-release/2025/03/11/3040660/0/en/NeuroOne-Accelerates-Timeline-of-510-k-Submission-to-FDA-for-the-OneRF-Trigeminal-Nerve-Ablation-System-to-Treat-Facial-Pain.html,"(Dave Rosa, accelerated, submission timeline)","(NeuroOne, submitted to, FDA)"
https://www.globenewswire.com/news-release/2025/03/12/3041337/0/en/Biotricity-Expands-IP-Portfolio-Strategy-with-14-New-Patents-Reinforcing-Innovation-Leadership-in-Remote-Monitoring-Diagnostics-Chronic-Disease-Management.html,"(Biotricity Inc., expands, IP portfolio)","(Dr. Waqaas Al-Siddiq, is, Founder and CEO of Biotricity)","(Biotricity, develops, remote health monitoring solutions)"
https://www.globenewswire.com/news-release/2025/03/12/3041511/0/en/Orion-Corporation-Disclosure-Under-Chapter-9-Section-10-of-the-Securities-Market-Act-BlackRock-Inc.html,"(Liisa Hurme, is, President and CEO)"
https://www.globenewswire.com/news-release/2025/03/12/3041262/0/en/Theratechnologies-CROI-Presentation-Highlights-Limitations-of-Using-BMI-to-Assess-Cardiovascular-CV-Risk-in-People-with-HIV.html,"(Karam C. Mounzer, leads, VAMOS)","(Karam C. Mounzer, is, Chief Scientific Officer)","(Karam C. Mounzer, works at, Philadelphia FIGHT Community Health Centers)","(Christian Marsolais, is, Senior Vice President)","(Christian Marsolais, is, Chief Medical Officer)","(Christian Marsolais, works at, Theratechnologies)","(Julie Schneiderman, is, Senior Director)","(Julie Schneiderman, works at, Communications Corporate Affairs)","(Joanne Choi, is, Senior Director)","(Joanne Choi, works at, Investor Relations)","(Theratechnologies, presented, data)","(Theratechnologies, has, TSX TH)","(Theratechnologies, has, NASDAQ THTX)"
https://www.globenewswire.com/news-release/2025/03/12/3041244/0/en/Clearside-Biomedical-to-Report-Fourth-Quarter-and-Full-Year-2024-Financial-Results-and-Provide-Corporate-Update-on-Thursday-March-27-2025.html
https://www.globenewswire.com/news-release/2025/03/11/3040796/0/en/Smith-Nephew-to-showcase-advanced-Orthopaedic-Reconstruction-technologies-for-Robotics-Knees-Hips-and-Shoulders-at-AAOS-2025.html,"(SmithNephew, will feature, AAOS)","(SmithNephew, offers, CORI Surgical Systems)","(CORIOGRAPH, provides, THA)","(SmithNephew, launched, OXINIUM)","(SmithNephew, received, FDA)","(SmithNephew, generated, 5.8 billion)","(SmithNephew, operate, 100 countries)"
https://www.globenewswire.com/news-release/2025/03/12/3041358/0/en/Next-Gen-Cancer-Treatment-Rakovina-s-AI-Driven-ATR-Inhibitors-Enter-Preclinical-Testing.html,"(Rakovina Therapeutics Inc., announced, first synthesized batch)","(Rakovina Therapeutics Inc., received, AI-generated ATR inhibitor compounds)","(Rakovina Therapeutics Inc., partnered, Variational AI)","(Jeffrey Bacha, said, This represents a major step)","(Rakovina Therapeutics Inc., aims, addressing this gap)","(Rakovina Therapeutics Inc., established, a pipeline)"
https://www.globenewswire.com/news-release/2025/03/12/3041199/0/en/CENTOGENE-Closes-Strategic-Transaction-with-Private-Equity-Group-Charme-Capital-Partners.html,"(Centogene N.V., sold, Centogene GmbH)","(Centogene N.V., entered, agreements)","(Centogene N.V., held, EGM)","(Charme, bought, Centogene GmbH)","(Oxford Finance LLC, granted, loan)"
https://www.globenewswire.com/news-release/2025/03/12/3041253/0/en/Atsena-Therapeutics-Granted-U-S-FDA-Fast-Track-Designation-for-ATSN-201-Gene-Therapy-to-Treat-X-linked-Retinoschisis.html,"(FDA, granted, Fast Track designation)","(FDA, granted, Orphan Drug Designation)","(FDA, granted, Rare Pediatric Disease Designation)","(Patrick Ritschel, said, reinforcing its potential to address the significant unmet need in XLRS)","(Atsena Therapeutics, announced, Fast Track designation)","(Atsena Therapeutics, dedicated to, developing transformative gene therapies)"
https://www.globenewswire.com/news-release/2025/03/12/3041217/0/en/Bavarian-Nordic-A-S-Notice-Convening-Annual-General-Meeting.html,"(Bavarian Nordic AS, convenes, Annual General Meeting)","(Board of Directors, proposes, Luc Debruyne)","(Board of Directors, proposes, Frank Verwiel)","(Board of Directors, proposes, Anne Louise Eberhard)","(Board of Directors, proposes, Heidi Hunter)","(Board of Directors, proposes, Johan van Hoof)","(Board of Directors, proposes, Montse Montaner)","(Board of Directors, proposes, KPMG)"
https://www.globenewswire.com/news-release/2025/03/11/3040902/0/en/EssilorLuxottica-Disclosure-of-Share-Capital-and-Voting-Rights-Outstanding-as-of-February-28-2025.html,"(EssilorLuxottica, received, Visa No. 18-460)","(EssilorLuxottica, received, Visa No. 18-494)","(AMF, issued, Visa No. 18-460)","(AMF, issued, Visa No. 18-494)"
https://www.globenewswire.com/news-release/2025/03/11/3040669/0/en/Progyny-Expands-Family-Building-Solutions-with-New-Parent-and-Child-Well-being-Offering.html,"(Progyny, announced, Parent and Child Well-being offering)","(Progyny, empowers, patients)","(Progyny, provides, access)","(Progyny, drives, optimal clinical outcomes)","(Progyny, reduces, healthcare costs)","(Progyny, Headquartered, New York City)","(TIME100, recognized, Progyny)","(CNBC, recognized, Progyny)","(Modern Healthcare, recognized, Progyny)","(Forbes, recognized, Progyny)","(Financial Times, recognized, Progyny)","(Inc., recognized, Progyny)","(Crains, recognized, Progyny)"
https://www.globenewswire.com/news-release/2025/03/11/3040991/9738/en/SIGA-Reports-Financial-Results-for-Three-and-Twelve-Months-Ended-December-31-2024.html,"(Diem Nguyen, delivered, 133 million)","(SIGA, received, approval)","(SIGA, announced, sale)","(Ministry of Health, made, request)","(Pharmaceuticals and Medical Devices Agency, approved, TEPOXX)"
https://www.globenewswire.com/news-release/2025/03/12/3041113/0/en/Zealand-Pharma-and-Roche-enter-collaboration-and-license-agreement-to-co-develop-and-co-commercialize-petrelintide-as-a-future-foundational-therapy-for-people-with-overweight-and-o.html,"(Zealand Pharma, enters, Roche)","(Zealand Pharma, will receive, Roche)","(Roche, will be responsible, commercial manufacturing)","(Adam Steensberg, said, Zealand Pharma)","(Teresa Graham, said, Roche Pharmaceuticals)","(Zealand Pharma, will host, Copenhagen)","(Centerview Partners UK LLP, served, Zealand Pharma)","(Goldman Sachs International, served, Zealand Pharma)","(Goodwin Procter LLP, served, Zealand Pharma)","(Plesner Advokatpartnerselskab, served, Zealand Pharma)","(Adam Steensberg, is, Zealand Pharma)","(Henriette Wennicke, is, Zealand Pharma)","(David Kendall, is, Zealand Pharma)","(Eric Cox, is, Zealand Pharma)","(Adam Lange, is, Zealand Pharma)","(Neshat Ahmadi, is, Zealand Pharma)","(Anna Krassowska, is, Zealand Pharma)","(Amber Fennell, is, ICR Healthcare)","(Jessica Hodgson, is, ICR Healthcare)","(Sean Leous, is, ICR Healthcare)"
https://www.globenewswire.com/news-release/2025/03/12/3041289/0/en/ZyVersa-Therapeutics-Highlights-Data-Demonstrating-Inflammasome-Inhibition-Reduces-Neuroinflammation-and-Pathological-Brain-Deposition-of-Amyloid-Beta-in-Alzheimer-s-Disease-Mouse-.html,"(Stephen C. Glover, heads, ZyVersa)","(ZyVersa, develops, IC 100)","(ZyVersa, develops, VAR 200)","(researchers, report, Immunity)","(Karen Cashmere, is, Chief Commercial Officer)"
https://www.globenewswire.com/news-release/2025/03/12/3041224/0/en/Upstream-Bio-Reports-Fourth-Quarter-and-Full-Year-2024-Financial-Results-and-Recent-Business-Highlights.html,"(Rand Sutherland, appointed, Daniella Beckman)","(Daniella Beckman, serves, Blueprint Medicines Corporation)","(Daniella Beckman, serves, Vor Biopharma Inc)","(Upstream, appointed, Allison Ambrose)","(Allison Ambrose, joined, Skyhawk Therapeutics)","(Allison Ambrose, held roles, Ginkgo Bioworks)","(Allison Ambrose, held roles, Orchard Therapeutics)","(Allison Ambrose, was associate, Ropes & Gray LLP)"
https://www.globenewswire.com/news-release/2025/03/11/3040977/36461/en/Voyager-Reports-Fourth-Quarter-and-Full-Year-2024-Financial-and-Operating-Results.html
https://www.globenewswire.com/news-release/2025/03/11/3040741/0/en/Biofrontera-Inc-to-Report-Fourth-Quarter-and-Full-Year-2024-Financial-Results-on-March-21-2025.html,"(Biofrontera Inc., specializing in, dermatological products)","(Biofrontera Inc., commercializes, Ameluz)","(Biofrontera Inc., commercializes, RhodoLED)","(Biofrontera Inc., performs, clinical trials)","(Andrew Barwicki, is, Investor Relations)"
https://www.globenewswire.com/news-release/2025/03/12/3041161/0/en/Philips-highest-ranked-medical-technology-company-among-Clarivate-Top-100-Global-Innovators.html,"(Clarivate, recognized, Royal Philips)","(Roy Jakobs, said, Philips)","(Philips, invested, EUR 1.7 billion)","(Philips, dedicates, RD workforce)","(Ben Zwirs, contact, Philips Global External Relations)","(Royal Philips, is, Netherlands)","(Philips, generated, EUR 18 billion)"
https://www.globenewswire.com/news-release/2025/03/11/3041042/0/en/Digicann-Ventures-Announces-Agreement-to-Extend-Maturity-Date-for-Convertible-Debentures.html,"(Digicann Ventures Inc., entered into, agreement)","(Nick Kuzyk, is, CEO)"
https://www.globenewswire.com/news-release/2025/03/12/3041565/0/en/Inaugural-Global-Longevity-Summit-Architects-New-Horizons-In-Human-Health-Potential.html,"(Informa Connect, convenes, Global Longevity Summit)","(James Ho, is, president of RND Health)","(Gordan Lauc, is, director of the National Centre of Scientific Excellence in Personalized Healthcare)","(Gordan Lauc, is, CEO and founder of Genos)","(Gordan Lauc, is, CSO of GlycanAge)","(Andrea B. Maier, is, co-director of the Center for Healthy Longevity)","(Erik Nelson, is, co-founder and clinical director of Human Sync)","(Jennifer Pearlman, is, CEO and founder of PearlMD Rejuvenation)"
https://www.globenewswire.com/news-release/2025/03/12/3041221/0/en/ROSE-LifeScience-Expands-Pure-Laine-and-Tam-Tams-Lineups-with-New-Pre-Rolls-Vapes-and-Fan-Favourite-Cultivars-for-Winter-2025.html,"(ROSE LifeScience, introduced, Pure Laine)","(ROSE LifeScience, introduced, Tam Tams)","(ROSE LifeScience, owns, Village Farms International)","(Village Farms, owns, Pure Sunfarms)","(Village Farms, owns, Balanced Health Botanicals)","(Valentine Vaillant, contact, ROSE LifeScience)"
https://www.globenewswire.com/news-release/2025/03/11/3041025/0/en/Vera-Therapeutics-Reports-Inducement-Grants-Under-Nasdaq-Listing-Rule-5635-c-4.html,"(Vera Therapeutics, granted, awards)","(Vera Therapeutics, approved, awards)","(Vera Therapeutics, developing, atacicept)","(Vera Therapeutics, developing, MAU868)","(Vera Therapeutics, holds, license agreement)","(Stanford University, licensed, VT-109)","(Joyce Allaire, contact, Investor Contact)","(Madelin Hawtin, contact, Media Contact)"
https://www.globenewswire.com/news-release/2025/03/11/3040976/0/en/Mural-Oncology-Announces-Fourth-Quarter-and-Year-End-2024-Financial-Results-and-Highlights-Upcoming-Clinical-Milestones.html,"(Caroline Loew, leads, Mural Oncology)","(Mural Oncology, reached, 75 of overall survival OS events)","(Mural Oncology, announced, patient enrollment in cohort 3 of the phase 2 ARTISTRY-6 trial is now complete)","(Mural Oncology, nominated, MURA-8518)","(Mural Oncology, nominated, MURA-7012)"
https://www.globenewswire.com/news-release/2025/03/12/3041210/0/en/PatchMD-Introduces-New-GLP-1-Support-Patches-for-Individuals-on-Weight-Loss-Medications.html,"(PatchMD, introduces, GLP-1 Support Patches)","(PatchMD, published, insights)","(PatchMD, provides, information)"
https://www.globenewswire.com/news-release/2025/03/12/3041090/0/en/Mineralys-Therapeutics-Announces-Pricing-of-175-0-Million-Underwritten-Public-Offering-of-Common-Stock.html,"(Mineralys Therapeutics, granted, underwriters)","(Mineralys Therapeutics, intends to use, net proceeds)","(Mineralys Therapeutics, is developing, lorundrostat)","(Mineralys Therapeutics, was founded by, Catalys Pacific)","(Mineralys Therapeutics, is based in, Radnor)","(BofA Securities, is acting as, joint book-running managers)","(Evercore ISI, is acting as, joint book-running managers)","(Goldman Sachs & Co. LLC, is acting as, joint book-running managers)","(Stifel, is acting as, joint book-running managers)","(Wells Fargo Securities, is acting as, joint book-running managers)","(LifeSci Capital, is acting as, lead manager)","(H.C. Wainwright & Co., is acting as, co-manager)"
https://www.globenewswire.com/news-release/2025/03/12/3041107/0/en/Prime-Biome-Redefines-Beauty-Health-The-Gut-Skin-Solution-Backed-by-Science.html,"(Prime Biome, presents, innovative approach)","(Prime Biome, combines, probiotics)","(Prime Biome, combines, prebiotics)","(Prime Biome, combines, botanicals)","(Prime Biome, supports, healthy aging)","(Prime Biome, supports, balanced digestion)","(Prime Biome, supports, radiant complexion)","(Prime Biome, addresses, multiple health concerns)","(Prime Biome, promotes, gut harmony)","(Bacillus coagulans, restores, gut microbiome)","(Bacillus coagulans, reduces, inflammation)","(Bacillus coagulans, enhances, nutrient absorption)","(Prime Biome, ensures, users feel better)","(Prime Biome, ensures, users look better)","(Prime Biome, focuses, long-term solutions)","(Prime Biome, empowers, users)","(Prime Biome, makes, wellness achievable)","(Prime Biome, makes, wellness sustainable)","(Prime Biome, leverages, gut-skin axis)","(Prime Biome, formulates, product)","(Prime Biome, enhances, digestive health)","(Prime Biome, enhances, skin health)","(inulin, acts, prebiotic)","(inulin, improves, overall digestive function)","(dandelion, supports, liver health)","(dandelion, contributes, skin repair)","(dandelion, contributes, collagen production)","(lemon balm, helps, mitigate stress-related inflammation)","(Prime Biome, bridges, gap)","(Prime Biome, addresses, underlying skin health issues)","(Prime Biome, targets, gut microbiome balance)","(Prime Biome, enhances, skins appearance)","(Prime Biome, contributes, overall well-being)","(Prime Biome, helps, users achieve more precise)","(Prime Biome, helps, users achieve radiant skin)","(Prime Biome, supports, gut health)","(Prime Biome, creates, favorable environment)","(Prime Biome, inhibits, pathogenic strains)","(Prime Biome, supports, proper nutrient absorption)","(Prime Biome, supports, metabolic function)","(Prime Biome, improves, digestion)","(Prime Biome, enhances, mood)","(Prime Biome, creates, ripple effect)","(Prime Biome, benefits, various aspects of life)","(Prime Biome, focuses, microbiome balance)","(Prime Biome, encourages, holistic approach)","(Prime Biome, makes, valuable addition)","(Prime Biome, sets, apart)","(Prime Biome, addresses, underlying issues)","(Prime Biome, targets, gut microbiome balance)","(Prime Biome, enhances, skins appearance)","(Prime Biome, contributes, overall well-being)","(Prime Biome, helps, users achieve more precise)","(Prime Biome, helps, users achieve radiant skin)","(Prime Biome, supports, gut health)","(Prime Biome, fosters, healthy gut environment)","(Prime Biome, leads, brighter appearance)","(Prime Biome, leads, more youthful appearance)","(dandelion, supports, gut health)","(dandelion, benefits, skin)","(lemon balm, supports, gut health)","(lemon balm, benefits, skin)","(Prime Biome, addresses, both aspects)","(Prime Biome, promotes, holistic well-being)","(Prime Biome, improves, gut health)","(Prime Biome, enhances, skin resilience)","(Prime Biome, addresses, underlying factors)","(Prime Biome, provides, multifaceted approach)","(Prime Biome, offers, revolutionary product)","(Prime Biome, offers, comprehensive solution)","(Prime Biome, promotes, digestive health)","(Prime Biome, enhances, skin clarity)","(Prime Biome, enhances, overall vitality)","(Prime Biome, adapts, different skin)","(Prime Biome, adapts, digestive needs)","(Prime Biome, provides, personalized support)","(Prime Biome, benefits, various wellness goals)","(inulin, benefits, digestive discomfort)","(fenugreek, benefits, digestive discomfort)","(dandelion, benefits, improved skin clarity)","(Prime Biome, caters, diverse audience)","(Prime Biome, solves, different health challenges)","(Prime Biome, makes, easy to consume)","(Prime Biome, ensures, users maintain wellness routine)","(Prime Biome, addresses, common health concerns)","(Prime Biome, addresses, digestive discomfort)","(Prime Biome, addresses, skin aging)","(Prime Biome, addresses, metabolic balance)","(Prime Biome, provides, comprehensive solution)","(Prime Biome, promotes, gut health)","(Prime Biome, promotes, skin vitality)","(Prime Biome, focuses, long-term wellness)","(Prime Biome, empowers, individuals)","(Prime Biome, makes, essential addition)","(Prime Biome, designed, cater to various wellness goals)","(Prime Biome, improves, digestion)","(Prime Biome, enhances, skins appearance)","(Prime Biome, manages, weight)","(probiotics, supports, healthy balance)","(probiotics, supports, oral bacteria)","(probiotics, helps, prevent dental issues)","(probiotics, helps, prevent cavities)","(probiotics, helps, prevent gum disease)","(Prime Biome, promotes, balanced microbiome)","(Prime Biome, contributes, overall oral hygiene)","(Prime Biome, supports, gut health)","(Prime Biome, reduces, risk of dental issues)","(Prime Biome, helps, prevent growth)","(Prime Biome, helps, prevent harmful bacteria)","(Prime Biome, helps, prevent dental problems)","(Prime Biome, enhances, dental health)","(Prime Biome, provides, additional protection)","(Prime Biome, provides, protection against cavities)","(Prime Biome, provides, protection against gum disease)","(Prime Biome, promotes, digestive wellness)","(Prime Biome, contributes, more pleasant breath)","(Prime Biome, supports, gut health)","(Prime Biome, helps, users enjoy dual benefits)","(Prime Biome, helps, users enjoy improved digestion)","(Prime Biome, helps, users enjoy enhanced oral health)","(Prime Biome, highlights, importance of holistic health approaches)","(Prime Biome, considers, interplay between different bodily systems)","(Prime Biome, promotes, digestive wellness)","(Prime Biome, contributes, more pleasant breath)","(Prime Biome, supports, gut health)","(Prime Biome, helps, users enjoy dual benefits)","(Prime Biome, helps, users enjoy improved digestion)","(Prime Biome, helps, users enjoy enhanced oral health)","(Prime Biome, highlights, importance of holistic health approaches)","(Prime Biome, considers, interplay between different bodily systems)","(Prime Biome, makes, easy to incorporate)","(Prime Biome, ensures, consistent use)","(Prime Biome, helps, users prioritize health)","(Prime Biome, helps, users prioritize wellness)","(Prime Biome, makes, easy to remember)","(Prime Biome, enhances, nutrient absorption)","(Prime Biome, supports, digestive health)","(Prime Biome, makes, regular part)","(Prime Biome, allows, enjoy long-term benefits)","(Prime Biome, allows, enjoy improved gut health)","(Prime Biome, allows, enjoy radiant skin)","(Prime Biome, highlights, importance of consistency)","(Prime Biome, highlights, importance of patience)","(Prime Biome, enhances, physical appearance)","(Prime Biome, boosts, confidence)","(Prime Biome, boosts, overall well-being)","(Prime Biome, testifies, effectiveness)","(Prime Biome, reinforces, status)","(Prime Biome, makes, trusted supplement)","(Prime Biome, enhances, skin clarity)","(Prime Biome, enhances, overall appearance)","(Prime Biome, reinforces, effectiveness)","(Prime Biome, distinguishes, traditional skincare products)","(Prime Biome, focuses, internal wellness)","(Prime Biome, supports, cellular regeneration)","(Prime Biome, promotes, balanced gut microbiome)","(Prime Biome, enhances, skins function)","(Prime Biome, leads, more transparent complexion)","(Prime Biome, sets, apart)","(Prime Biome, provides, comprehensive solution)","(Prime Biome, achieves, traditional skincare cannot)","(Prime Biome, allows, enjoy benefits)","(Prime Biome, allows, enjoy internal wellness)","(Prime Biome, allows, enjoy external wellness)","(Prime Biome, makes, revolutionary addition)","(Prime Biome, combines, scientific research)","(Prime Biome, combines, high-quality ingredients)","(Prime Biome, makes, trusted choice)","(Prime Biome, creates, powerful synergy)","(Prime Biome, addresses, multiple health concerns)","(Prime Biome, ensures, users receive effective product)","(Prime Biome, ensures, users receive safe product)","(Prime Biome, reinforces, status)","(Prime Biome, makes, leader in the wellness industry)","(Prime Biome, offers, users powerful solution)","(Prime Biome, allows, achieve optimal health)","(Prime Biome, provides, evidence)","(Prime Biome, validates, unique formulation)","(Prime Biome, highlights, ability)","(Prime Biome, provides, comprehensive support)","(Prime Biome, enhances, consumer trust)","(Prime Biome, enhances, consumer trust in the product)","(Prime Biome, enhances, consumer trust in the claims)","(Prime Biome, follows, best practices)","(Prime Biome, enhances, effects)","(Prime Biome, allows, experience full benefits)","(Prime Biome, makes, enjoyable addition)","(Prime Biome, encourages, regular use)","(Prime Biome, encourages, prioritize health)","(Prime Biome, makes, easier for individuals)","(Prime Biome, makes, prioritize health without added hassle)","(Prime Biome, enhances, overall experience)","(Prime Biome, makes, enjoyable addition)","(Prime Biome, achieves, optimal results)","(Prime Biome, makes, easy to consume)","(Prime Biome, ensures, readily available)","(Prime Biome, encourages, regular use)","(Prime Biome, makes, easier for individuals)","(Prime Biome, makes, prioritize health without added hassle)","(Prime Biome, enhances, overall experience)","(Prime Biome, makes, enjoyable addition)","(Prime Biome, achieves, lasting improvements)","(Prime Biome, makes, easy to purchase)","(Prime Biome, ensures, consumers can purchase the product safely)","(Prime Biome, provides, secure transaction platform)","(Prime Biome, gives, customers peace of mind)","(Prime Biome, allows, direct communication)","(Prime Biome, enables, valuable feedback)","(Prime Biome, enables, support)","(Prime Biome, reinforces, commitment to quality)","(Prime Biome, reinforces, commitment to satisfaction)","(Prime Biome, offers, variety of package options)","(Prime Biome, caters, different consumer needs)","(Prime Biome, makes, easy for users)","(Prime Biome, allows, select the best option)","(Prime Biome, ensures, consistently benefit)","(Prime Biome, comes, 60-day money-back guarantee)","(Prime Biome, allows, customers to try the product without risk)","(Prime Biome, allows, quickly request a full refund)","(Prime Biome, demonstrates, commitment to customer satisfaction)","(Prime Biome, provides, peace of mind for consumers)","(Prime Biome, encourages, explore Prime Biomes benefits confidently)","(Prime Biome, highlights, products effectiveness)","(Prime Biome, highlights, dedication to quality)","(Prime Biome, represents, revolutionary approach)","(Prime Biome, offers, holistic solution)","(Prime Biome, addresses, multiple aspects of wellness)","(Prime Biome, provides, users comprehensive supplement)","(Prime Biome, promotes, internal wellness)","(Prime Biome, promotes, external health)","(Prime Biome, empowers, individuals)","(Prime Biome, allows, take charge of their health)","(Prime Biome, allows, take charge of their beauty)","(Prime Biome, makes, trusted choice)","(Prime Biome, allows, achieve lasting results)","(Prime Biome, allows, achieve radiant skin)","(Prime Biome, allows, achieve improved gut health)","(Prime Biome, allows, achieve enhanced skin vitality)","(Prime Biome, allows, achieve support for metabolic function)","(Prime Biome, makes, smart choice)","(Prime Biome, ensures, everyone can enjoy the benefits)","(Prime Biome, provides, holistic solution)","(Prime Biome, allows, achieve transformative changes)","(Prime Biome, allows, embrace Prime Biome)","(Prime Biome, allows, look and feel your best naturally)","(Prime Biome, provides, holistic solution)","(Prime Biome, allows, achieve lasting skin health)"
https://www.globenewswire.com/news-release/2025/03/11/3041028/0/is/Oculis-birtir-uppgj%C3%B6r-fyrir-fj%C3%B3r%C3%B0a-%C3%A1rsfj%C3%B3r%C3%B0ung-og-%C3%A1ri%C3%B0-2024-og-kynnir-%C3%A1fanga-%C3%AD-rekstri-f%C3%A9lagsins.html,"(Oculis, developed, OCS-01)","(Oculis, developed, OCS-05)","(Oculis, developed, OCS-02)","(Oculis, headquartered, Sviss)","(Oculis, operates, Bandaríkjunum)","(Oculis, operates, Íslandi)","(Sylvia Cheung, is, fjármálastjóri)","(Corey Davis, works, LifeSci Advisors)"
https://www.globenewswire.com/news-release/2025/03/11/3040677/0/en/Medera-Completes-Patient-Dosing-in-Phase-1-2a-MUSIC-HFrEF-Trial-of-SRD-001-Gene-Therapy-for-Heart-Failure-with-Reduced-Ejection-Fraction.html,"(Brian Jaski, completed, enrollment)","(Ronald Li, indicated, results)","(Medera, entered, agreement)","(Medera, received, clearances)"
https://www.globenewswire.com/news-release/2025/03/12/3041132/0/en/Purespring-Therapeutics-appoints-Haseeb-Ahmad-as-Chief-Executive-Officer.html,"(Haseeb Ahmad, succeeds, Julian Hanak)","(Haseeb Ahmad, served, Novartis Europe)","(Haseeb Ahmad, led, Novartis Gene Therapies)","(John Tsai, said, Haseeb Ahmad)","(Julian Hanak, served, CEO)","(Julian Hanak, served, CDO)","(Purespring Therapeutics, appoints, Haseeb Ahmad)","(Purespring Therapeutics, has, pipeline)","(Sofinnova Partners, led, Series B)"
https://www.globenewswire.com/news-release/2025/03/11/3041024/0/en/Polyrizon-Ltd-Files-Annual-Report-on-Form-20-F-for-the-Fiscal-Year-Ended-December-31-2024.html,"(Polyrizon Ltd., filed, Annual Report on Form 20-F)","(Polyrizon Ltd., announced, Annual Report on Form 20-F)","(Polyrizon Ltd., filed, SEC)","(Polyrizon Ltd., specializing, innovative intranasal hydrogels)","(Polyrizon Ltd., announced, SEC)","(Polyrizon Ltd., filed, Investor Relations website)","(Polyrizon Ltd., announced, Investor Relations website)","(Polyrizon Ltd., filed, Investor Relations Department)","(Polyrizon Ltd., announced, Investor Relations Department)","(Polyrizon Ltd., filed, IRpolyrizon-biotech.com)","(Polyrizon Ltd., announced, IRpolyrizon-biotech.com)","(Polyrizon Ltd., filed, Michal Efraty)","(Polyrizon Ltd., announced, Michal Efraty)","(Polyrizon Ltd., filed, Investor Relations)","(Polyrizon Ltd., announced, Investor Relations)","(Polyrizon Ltd., filed, GLOBE NEWSWIRE)","(Polyrizon Ltd., announced, GLOBE NEWSWIRE)","(Polyrizon Ltd., filed, Nasdaq PLRZ)","(Polyrizon Ltd., announced, Nasdaq PLRZ)"
https://www.globenewswire.com/news-release/2025/03/11/3041028/0/en/Oculis-Reports-Q4-and-Full-Year-2024-Financial-Results-and-Provides-Company-Update.html,"(Riad Sherif, delivered, readouts)","(Riad Sherif, discussed, FDA)","(Oculis, completed, financing)","(Oculis, plans, RD Day)","(Oculis, had, cash)"
https://www.globenewswire.com/news-release/2025/03/12/3041585/0/en/ACTG-Presents-Data-from-Mpox-Study-STOMP-at-CROI.html,"(Judith Currier, said, STOMP)","(Timothy Wilkin, said, STOMP)","(William Fischer, said, STOMP)","(Jason Zucker, led, STOMP)","(Joseph J. Eron, led, ACTG)","(Rajesh T. Gandhi, led, ACTG)","(NIH, funds, ACTG)","(NIAID, funds, ACTG)","(ACTG, conducts, research)","(ACTG, founded, 1987)","(Rachel Reiss, Media Contact, ACTG)"
https://www.globenewswire.com/news-release/2025/03/11/3041010/0/en/Optinose-Announces-Reporting-Date-for-Fourth-Quarter-and-Full-Year-2024-Financial-Results.html,"(Optinose, to Host, Conference Call)","(Jonathan Neely, is, Investor Contact)"
https://www.globenewswire.com/news-release/2025/03/11/3041038/0/en/Globus-Medical-extends-versatility-of-Advanced-Materials-Science-anterior-interbody-portfolio-with-launch-of-COHERE-ALIF-Spacer-and-Modulus-ALIF-Blades.html,"(Globus Medical, launched, COHERE ALIF Spacer)","(Globus Medical, launched, Modulus ALIF Blades)","(Frank Phillips, said, Porous PEEK)","(Anthony Kwon, said, Modulus ALIF)","(David Hole, said, Globus Medical)"
